Name,Mark
Adrian,78
Brianna,89
Charlie,103
Derek,92
Emma,67
Fiona,55
George,80
Hannah,73
Isaac,91
Jasmine,60
Katherine,48
Leo,87
Maggie,22
Nate,97
Olivia,36
Parker,111
Quentin,52
Rachel,69
Samantha,46
Tyler,75
Uma, 82
Victor, 63
Wendy, 94
Xavier, 57
Yasmin, 85
Zachary, 71
Alice, 90
Benjamin, 68
Catherine, 79
David, 58
Evelyn, 76
Franklin, 47
Gloria, 61
Henry, 108
Isabella, 34
Jacob, 51
Katie, 72
Liam, 83
Mia, 40
Noah, 65
Oliver, 88
Penelope, 53
Quinn, 77
Riley, 44
Sofia, 99
Thomas, 62
Ursula, 86
Violet, 56
William, 70
Xander, 95
Yara, 49
Zara, 74
